"x1","x2","x3","x4","x5","time","event"
1,1,14.6501169874303,21.0023122686808,-0.685661664496834,1.56323862759599,1
1,0,11.0482443623022,18.8883038033559,-0.79271446858291,4.79448338061078,1
0,1,11.9414668328172,13.1010570629486,-0.407004152261873,11.5615043186117,0
1,1,10.7539467943052,11.9731802245773,-1.14867061145898,8.2983012702316,0
1,0,8.00813320691569,14.8327666781262,1.11576046554672,10.0139854790539,1
1,0,8.80503417390391,21.4633529139332,-0.879456778170003,1.24665890011393,1
1,1,10.3305028461603,19.3911869843663,1.27932293753161,1.46600783068835,1
0,1,4.14304564284487,17.0636236396952,-1.45427725484716,1.92804132593323,1
1,0,8.3041715468429,16.8721117720736,0.84222876919352,8.93026774004102,0
1,1,11.5971690244469,22.2062681392508,-0.603215007812732,0.992767240852118,0
0,0,9.40308802406956,13.5566360622797,0.131555027342539,10.865115204826,0
1,1,9.43277724610926,22.9927057323618,0.764444556679586,0.494867483828155,1
1,0,11.7390386132975,21.7971840449504,-0.917135166591924,1.32183918074928,1
0,0,8.91128943060205,16.5197499182254,0.23739451514297,2.29983359979703,1
0,0,11.2576064707552,19.6090082745682,-0.0446890666120593,11.3594861115732,1
1,1,7.15533108410922,23.5724008548651,-1.11855030356248,0.542809129455266,1
1,0,7.54497473333143,25.403660381065,0.576705022824006,0.907881499892466,1
0,0,6.65178896851114,25.955881577234,-2.30174221004384,6.37522295862436,0
0,1,10.1687969644898,21.4842688513891,1.54401138418949,9.90697813779116,0
1,0,9.5877486720592,19.1421070259497,1.19632123896946,2.07802233249082,1
1,1,12.8837432805641,21.8219783597566,-0.201676879864589,0.259941894561052,0
0,0,9.91643579322927,18.9675555589757,-0.432271579852631,3.51639212455499,1
1,0,12.7075089555276,15.9883049915835,0.346948643890299,3.05728645403536,1
1,0,13.8904505518457,23.3765739311918,-0.485377933779251,0.354476068238078,1
0,0,9.01812353258372,22.7786351035865,-0.195306080234756,3.27635167430745,1
1,0,10.7768781498892,25.0440149905892,0.229797411715838,4.87500328667783,1
0,0,8.31021348162804,26.6662371573507,-0.0946537580368488,2.75959205053776,1
1,0,11.4759807357422,25.8874317523574,1.71019954048516,0.821639950378385,1
0,1,7.84047933743228,23.1572628203377,-0.335749000921179,1.51359851707641,1
1,1,7.94705224751275,19.8541829152666,-0.875324824335344,4.30522249080241,0
1,1,10.5775867231578,19.63486689343,-1.13255449171348,1.2085231867162,1
1,0,10.1816226385743,18.3485482438324,-0.56602063273169,1.65098646556544,1
0,0,10.5252463534224,16.8757552067197,-0.974384403128723,5.16555995866656,0
1,0,10.1386698255825,18.4396288583525,0.945082340846264,0.783874545242788,1
0,0,8.94271236228635,22.455350488037,0.247741105300021,0.90986939431326,1
1,1,9.73959567096247,21.538708081333,-0.104674620432457,0.370590999944167,1
0,1,13.2403174887116,15.1773734007265,0.0277616799037131,0.677304068891513,1
0,1,9.96420975335306,24.7914048800562,-0.907276482340544,6.76570218090727,1
1,0,7.36302120210141,25.1645650666274,2.3509337520258,10.656037122002,1
1,0,8.31087967883744,25.9322864100821,0.808769724481045,2.94739135897581,1
0,1,7.79637025501779,15.1056190567536,0.784140418846701,13.6727988570929,0
0,0,8.199819713985,18.3473014625159,0.170236490795333,1.25699604318316,1
0,0,7.47783216035504,18.3616765351508,0.159197651530768,1.06627552583814,0
1,1,4.74830219503419,18.1953411269512,0.678018100413371,4.92150365374982,0
0,1,11.3381314983811,17.7412041930874,0.434371999584651,6.00771788880229,0
1,0,11.3200830184616,17.7599586620132,0.780554430230763,12.7109436468056,1
1,1,9.49879912921778,16.1177677320312,-0.444567758454349,1.90700462736838,1
1,1,8.55240536609236,17.7487058153063,1.2715164118455,2.52484808528511,1
1,1,8.37563673534117,18.6718542268071,-1.47339222749877,1.33946874263956,1
1,0,10.7974686720368,20.7746004389972,1.82601047314349,1.38942384906113,0
0,1,10.4531271477588,22.4225714250889,-0.0821605442182188,0.57785909273151,1
0,0,10.8432871595064,23.8314943977,0.207066157170724,0.911748627496501,1
0,0,10.0096758874482,16.7967262440624,-0.0581589957425658,1.75463122135993,1
1,1,11.237967830193,20.170194622421,-0.843052009454205,0.922508366160625,1
0,0,10.8622678889719,29.3428034480536,-0.466487279539017,0.718822300179313,1
1,1,11.1166247403744,18.1525301767121,1.51644902909499,0.134134016254264,1
1,1,10.991922561344,22.9617196241626,2.07396139462956,3.61750056435022,1
0,1,13.3237714818916,17.2066213572709,-1.05674676492714,10.2933319233521,1
0,0,7.88993077559099,24.2614756058225,0.355248794893353,11.6360875318403,1
1,0,13.01664937356,22.182067285355,-0.537626676315252,6.14324838655067,1
1,0,9.33158268668985,16.3271627190272,0.0903163658583597,2.01471246154565,1
1,1,9.87003851236312,24.1007653747043,0.348538284602587,3.40902362639166,1
1,0,10.1621630774268,24.5029536116245,-0.517518995099845,1.29364799036674,1
1,0,9.10357040892232,23.5312015399936,0.287301302415267,4.25281295355186,1
1,0,4.89238609946807,8.92768555659724,1.66807499684583,1.92810898460448,0
0,1,9.37413492976197,20.5753063154251,-1.08093672458647,0.911313966614702,1
0,1,10.0827663040806,26.0795325006072,-0.397851104622374,0.800036936628936,1
1,0,6.52454387732476,19.3147356879157,0.297208816443405,5.02893478050828,0
1,0,11.0998793193968,17.3674200027282,0.37342905926644,9.01987840063115,1
0,1,8.80545261481336,19.3828215916544,0.0675844815430184,4.40144440032672,1
0,1,12.8954836120731,10.4678427346532,0.346634030494695,1.13725689612329,0
0,0,10.5297362285285,15.4468116348736,-0.164571372800586,1.53163252270876,1
0,0,8.42243438443506,19.6509778687498,0.189982806585771,12.2036577484327,1
0,1,10.3354644413431,23.3413068825768,-0.0686986351389328,0.737361939989152,1
0,0,10.5151662164025,20.848443472766,0.916450207694266,1.11145605063309,1
1,1,11.8240947349006,22.5653852056182,0.710549614762121,2.99590276624854,1
0,1,9.68625523489027,15.8715961288564,-0.0190896861258043,7.80459604226053,0
0,0,5.93324858310583,25.9430826150124,1.31312687307811,8.89876094444212,1
1,0,7.40066835384285,24.7619049891116,0.170386155804506,11.7487378758378,0
0,0,8.28549868014193,22.4689069259057,0.578816605533788,0.770430169938949,1
1,0,10.8525305890724,19.3082467021365,0.227904874997665,1.54130637296946,1
0,1,9.43032747383049,23.4463217630279,-0.612459865597317,0.75963319838047,0
0,0,8.77126291606028,17.5196563018222,0.734030133030624,11.4575676366221,0
1,1,8.31021833568503,16.4871478109264,-1.85050186253115,5.09814012050629,0
1,1,10.3073899144377,11.0856194124952,-0.968544839770566,2.18997012265027,0
1,0,8.29713544844362,20.77305290107,0.62762646905029,1.70712391355845,1
0,1,9.20415785411423,10.7493731322388,1.24027762938144,5.64815231814775,1
0,1,8.12004554743809,19.9026648314571,-1.5069030571303,7.50574898533523,0
0,1,7.22349251716116,21.7653623569562,1.18259689371289,0.248218658475962,1
0,0,11.9103691777268,23.1583070150783,-1.33418855936283,2.05106275732141,1
1,1,7.36500905993524,24.0872785067309,-0.596320294015713,1.40207599502962,1
0,0,10.1460582923192,22.4610446381484,-1.32949216503638,10.7114803325448,1
0,1,8.86362830286326,16.5616885753256,-0.182113418617215,8.04780533351004,0
1,1,7.88309866243234,23.5629959054759,0.0491385446373278,3.78470623981427,1
1,0,10.5186270768341,20.2530989899496,0.412076431613412,1.40565749531981,1
1,1,10.7462690090383,12.5413557777601,-0.422353546385099,1.30577722750604,0
0,1,12.5293335385683,19.5474525963072,-0.0196536597344667,1.96125766941097,1
1,0,10.6504499921365,12.8664544964994,0.303016425333838,0.89574327076383,1
1,1,9.72306536098339,15.7860382371054,-0.972422343455087,2.1289334939991,1
1,1,15.2049377945596,17.5225812907813,-0.701155053616588,3.08681952625408,1
1,0,8.69943114302417,17.6522456939234,1.37843190060709,13.3888366017491,0
0,1,7.99363354337328,23.7079029277744,-2.95313731358376,0.455505751320778,1
0,1,8.92977217425104,19.73837661865,0.955836563019408,0.549976543920963,1
0,0,9.77917086644642,16.2515529648993,1.06003423492052,0.759134869475369,1
1,0,11.2008603386271,17.4645622649543,1.35096056599856,0.206063205376267,0
1,1,10.8316901191974,17.6991028559397,-0.401555741178659,10.9597440580521,1
1,1,9.78849870664602,20.7528841670373,0.839986980187328,4.27812488596712,1
1,0,8.28687492350776,22.1586238978517,0.215439257728434,5.0372904650867,0
1,1,12.2546546686443,18.316463721372,-0.637977201958245,4.61497317440808,0
0,1,11.8325632428969,18.6421337600917,0.552847982050689,0.426967229694128,0
1,1,8.55124081455128,22.072321553453,0.370350824990752,1.49938497729808,1
1,0,11.3735581751495,16.5224495159471,-0.389023767532155,1.73512363247573,0
1,1,10.9001715832892,19.3573163433807,-0.460092848631245,8.9676343370229,0
0,1,12.0904432122101,19.4295328535798,-0.26588619338727,1.29833624073394,1
1,0,10.2992580688749,16.9391561286232,0.501441363321569,11.0221087282989,0
1,0,7.71786569359861,17.3607977147319,-0.0523528269896142,1.12788563433041,1
0,1,11.6049988048393,18.7703782383462,-1.35217134346927,1.2034209262199,1
0,1,8.54256693806111,16.4722901991759,0.308578530105713,7.2385922344608,1
1,0,11.054418571457,19.6186193650063,-0.366996403813651,1.03489595484235,1
1,1,13.3469575444246,14.8961225077036,0.760815256528283,0.912689149885008,1
0,1,7.16234395945834,21.5023399358592,-1.20877829147781,7.30012391321361,0
0,1,13.1238216023378,18.1230785096146,-1.90855673202378,2.63221786353275,1
1,1,12.7063220178362,23.1957328144768,-0.497749386024871,11.5155402103814,1
1,0,8.94260644661689,21.7051527970349,-0.637044510630347,1.45269550736105,1
1,1,9.49745444904144,17.951471947226,0.676231932030489,11.0363278912846,0
0,1,8.628304627415,18.6099378520971,-1.869411030258,0.449527624994516,0
1,1,8.85926469549176,22.4375709855479,-1.06855248625586,12.5374778793193,0
1,1,11.1592627630923,22.9418572721468,-0.126005415934356,0.691505427923311,1
0,0,8.20208198949577,21.9068342426933,-0.736284418428665,1.73989829421043,0
1,0,9.61934022417443,21.3131430671278,-0.191241809184488,2.24926409444447,1
1,0,9.71219324530708,12.8749300989855,-1.1983002633847,0.0375107657164335,0
1,1,9.80685469742489,20.4775856853816,-0.824254618506077,10.4856255690871,1
1,1,10.3628934314447,14.3268185119339,-0.919532671174568,1.91935044065794,1
1,0,13.1931484183726,20.3041375106155,-1.7438683437219,0.17618971709891,1
1,0,9.09733652021309,17.3566670311566,0.383037424261768,8.58356312848628,0
1,1,8.41023955039836,19.5779758157661,-0.541069423262346,12.3269907105714,0
1,0,11.5845686993046,15.2796564496523,-0.555941097834846,1.4555171857502,1
0,0,10.7609445995221,19.3425632541491,1.10895853127751,1.66280050843168,1
1,0,10.4715759659849,26.0777630972704,0.667743594836766,0.654609304221259,1
1,1,11.1819765270408,27.3006603126946,-0.693679036361983,3.54873943767627,1
0,0,7.17613959584222,10.0454405993859,0.879992804711981,7.68873320706189,0
0,1,12.1265915845822,13.3827109984411,-0.37897335718852,1.45999521865541,1
0,0,10.9078357577952,14.3165788745123,-0.431248632603711,13.0649736195918,1
1,1,11.9026259540396,14.8948137349926,0.166444699682016,1.08463413990748,1
1,0,8.80296457319697,28.3164031974902,0.140519604666793,10.9255242138023,1
1,0,6.31611989930773,24.0621440827292,-0.107546272655053,0.939653684664629,1
0,0,9.03082093370413,19.5615487352998,-0.251987609311519,1.12880336153603,1
1,0,8.18630636995321,23.9260755241173,0.40002038444736,11.0005671344697,0
0,0,14.4455248948088,29.0453888272425,0.994170230292134,3.50030316977372,1
0,0,9.17306684724764,22.5483596952142,-0.393873589955096,0.828422535488983,1
1,1,9.56865230659071,27.102146171388,1.45176227538026,0.503717738776311,1
0,0,12.1259570401423,15.4099938101208,-0.834997129573646,0.353237226088532,1
1,1,11.2406930531605,15.6827096249818,2.0014571533496,1.7773934323066,1
0,1,11.346133303758,24.2717994351697,0.820293024018973,2.0495359940342,1
1,1,15.2674191258967,23.567012765457,-0.361525358178745,0.647806711298357,1
1,1,10.3322287973459,23.4803860397588,-2.12565181990003,10.8574744180908,1
0,0,13.8103510750685,21.9430498594742,-0.39804944688126,3.06358070815109,1
0,1,10.5074368026262,18.1156252286158,-0.347597923190669,11.6586964137387,0
0,1,7.0819560654914,23.7985199752822,1.44495230883333,1.82090460509062,0
1,0,5.54550351743929,27.3909103651683,0.376236073898798,12.8461903575808,0
1,1,11.2993671023355,24.9616297154829,-1.82111553207448,1.0824656005335,1
1,0,8.00150027046289,14.476743126595,0.272687271115478,1.47284139414019,1
1,0,10.0839447673526,21.8987075091659,-0.942807734498255,0.724648950621486,0
0,0,13.5540874000801,20.0493854319508,-1.70089310223139,1.22031290655102,1
1,0,10.6943653546744,20.3483997491429,0.9190367632293,1.15968871788039,1
0,0,9.42580510770042,19.2705272249467,0.601705715750341,2.8567261621356,0
0,0,6.15084669578178,14.9373189366987,-0.400022724222342,9.92553128739451,1
0,0,8.39870178132017,21.325135651763,1.43747168052874,0.674299708348521,1
0,1,8.84876405854675,25.4069145239466,-0.312205370263461,2.42882351823241,1
0,0,11.3684114653407,26.5462629450508,-1.68538439471542,0.880431971899482,1
1,0,10.9669146952343,21.9197289154107,0.910952091072493,0.463522202709964,1
0,1,10.0279268174148,17.0547363549686,-0.675000828576545,11.6079337517685,1
0,1,10.3604874692502,17.6679335223456,0.137311566647961,0.476379498839378,0
0,1,9.423753503383,17.5542720721945,-0.923241797486208,0.680065830836635,1
0,0,10.0604544457805,22.4134001744436,-1.30445974873968,1.54372590221465,0
0,0,10.543348217059,19.0569466425708,0.441432625274536,1.69233267278752,1
1,0,10.8983168548269,31.6168643664935,-0.898687030626516,0.778178380841723,1
1,1,13.6552553168608,18.9268348827383,-0.541572099750972,0.823203384876251,0
1,0,7.77595257823237,20.5923713936122,0.72408190306176,1.35228541865945,0
1,1,12.9496148631674,19.1728200686589,-2.56237882677918,3.63910534985433,1
1,0,11.3430249202888,17.4297594461938,-0.93721767452518,2.12520411758031,1
1,0,6.90934291257113,23.3902872955383,1.52956064823639,3.5485241775677,1
0,1,9.44590554401779,17.8897114943974,-0.00538613808929788,0.717003177591916,1
0,0,8.74131401605604,20.0094830284325,-1.68318369036016,5.57957509160042,0
1,1,8.1339990967605,18.8724790657949,-0.0494187800249314,0.568144189743506,1
1,1,6.92422703154348,8.68610139045081,0.0454931089477718,8.43540724553168,0
1,0,9.01179590080011,22.6037212653108,-0.775870282801966,3.11275216005743,0
1,0,9.12927996945961,20.6310366844533,-0.685338106241904,11.6265071146856,1
0,0,9.35291064743955,16.5862519093385,-0.0390248343539803,13.3468381548736,1
0,1,5.87777276216763,25.4524003438963,0.839742870342485,6.45224797725677,0
0,1,10.8830051101911,14.9484153153154,-0.841408017043754,1.58839381419527,1
1,1,11.4927024931327,12.888213817117,0.716228276161418,3.1401839346729,1
0,0,11.5792857476494,17.2523214196978,-1.86746565295771,8.93774397222815,1
0,0,11.5414810140791,15.262657910827,1.99085671970778,2.30666330111958,1
0,1,10.4010126356607,23.1587092069106,0.771086495860009,3.47066299357549,1
0,1,12.9367000633555,20.3438550838011,-0.622598108012433,3.01749640575627,1
1,0,8.2470890321185,18.5197542296824,-0.103594550359097,0.817351190966369,1
0,0,7.54679061255778,20.0373454681723,-1.2325383205798,0.838356480312059,1
1,1,10.6756758399492,16.1957616333087,-0.932907862773239,8.33322823831059,1
1,0,10.8816481745083,20.7268708455912,0.29751851452647,3.22405183706726,1
1,0,8.50696709652646,20.7613593761314,-2.06452596044887,4.88098310865462,0
1,0,10.0732122408638,19.7130449224075,0.67724922249105,1.03689597733319,0
1,1,10.6466192484061,19.9885931597976,0.83638305791437,3.22126778316938,1
0,0,10.7593520648032,15.5671241523501,0.122243876490421,1.71882069366964,1
0,1,11.7531129915907,23.7407670694944,-0.788249637189588,0.868199004207434,1
0,1,11.8667759751393,14.0566421930507,0.633637015638911,1.11206641999516,1
1,1,5.14238495463516,28.914167593706,-0.203293498180638,2.12745714322267,1
0,1,13.4559880468423,26.4965408901512,1.77577501258599,0.823918888853362,1
0,0,10.9120052925544,22.0790585010133,0.503354149677886,0.960568339598819,1
0,1,8.8592793085087,14.591885452952,1.85994569369779,6.56813747808337,0
1,1,7.77075119564406,21.7044953105154,-0.609493045570301,0.248144483193755,0
1,1,11.8101285311278,13.3472496591733,1.15305532248777,1.72017957083881,0
0,0,10.6561920309683,18.920225512676,0.969349157258382,1.90257182583539,1
0,0,12.1561799200956,23.1631638390955,0.637303157074265,1.55789909566304,1
0,1,9.879368892595,23.362434555092,1.77216769250851,1.03225730678362,1
1,1,9.51296247607375,20.1318779394019,1.17831056462201,5.03651598282158,0
1,0,14.4828451213766,19.0473449846058,1.10070263616134,0.57349101869878,1
0,0,5.92801405828834,21.0542091446033,1.37694807585475,1.00308259206662,1
1,0,10.7818289301657,13.6328593037392,-0.717265373449893,14.6085359621092,1
1,1,10.7696266857993,18.4950597246123,0.688512737577945,1.31092840025543,1
0,0,10.8773911990828,27.2501085996415,1.26810145678412,3.52748519391378,1
0,1,11.1162818040931,13.0476012695284,-1.87208877844442,0.455351210806699,1
1,1,9.44718723404511,26.5164446029812,1.24808294812689,0.902103523740818,1
1,0,12.3325761579645,22.112421765954,-1.07730040944452,1.90986452225217,1
0,1,5.09144553012523,18.5582232536098,-1.47416956665685,1.91749463079067,1
1,1,8.38886748109087,28.9504675624473,-0.102761252843793,2.47058573229804,1
0,1,9.76171089875995,19.8392015301002,-1.71486614730381,1.53410251284151,1
0,0,10.3264324682776,27.576501326256,-0.774401637213465,1.27621777604401,1
0,1,10.8129590155258,20.0992185997507,0.847553967889695,0.215882364660501,0
0,1,11.2786799912886,22.2137016124018,0.0832352366570336,2.25561641588948,1
0,1,6.9829647252553,17.7025962182311,1.28508496858323,8.42747000791132,0
0,0,10.0153412087941,16.286651974242,0.276044917953572,11.9182470734231,0
0,0,11.0483360440008,11.9982982348207,-1.71114274542409,12.9036064750981,0
0,1,12.6526717431416,17.5117252148033,-1.14955002154367,12.210733608943,1
1,1,9.77286453113487,22.908582265941,0.159786319641181,1.90655708176155,1
1,1,13.1982989567937,15.5912667870186,-0.427212686915226,10.6500952240806,1
0,1,9.43694380214364,15.3621489165866,0.907002203909007,12.4731395589741,1
1,0,9.90020372217899,18.2443774409891,0.150898962830839,12.5853919620385,1
1,1,10.3204282546422,20.6365368270542,-1.10952726348854,11.1351412769873,0
0,0,8.99523887518934,18.0215972578679,-0.548808731139672,1.49652496604972,1
0,1,11.4318760975524,24.8494713823241,1.01878845500043,0.816405845806003,0
1,0,7.30842539367358,21.1705297036473,-0.945412080328207,4.20316470818905,1
0,1,9.9887128693957,19.8558301558705,-1.50031585307676,0.474142672944535,1
0,1,8.91891490052093,15.5895355897353,0.565164063059173,8.84524831406353,1
1,0,8.90585251830064,16.2574388522037,0.182738767924744,12.2473841162864,0
0,1,12.3028907740889,21.8433493072812,-0.796728081908326,1.37537036463618,0
0,1,12.1044393638918,18.6705461495575,-0.0461864850495287,9.8271483237133,1
0,1,13.1960530574053,24.4246530752898,0.15362674483473,1.01309293131438,1
0,0,9.47240641378308,13.4652255805955,-0.766624414368414,7.53004973142304,1
1,1,10.0648015750938,21.3407712023815,0.364753332338701,12.2723576584123,1
0,1,6.89683338462818,17.9013702200394,-0.693518969658329,12.0062547119969,1
0,1,9.22364113995095,25.8534843012088,-0.343156152059392,0.53395276889205,0
0,0,13.5282962443603,21.7087121679463,0.742849337934101,6.83397979309731,1
1,0,9.16694454487256,15.8994807192946,-0.285537707961138,5.67284330941977,1
0,1,7.66732262242122,14.7677667147088,-1.66988367567976,1.59739770642604,1
1,0,10.0837891323702,20.9184075465145,-0.264390041455333,0.999821543497773,1
0,1,12.4929782605191,18.7719148887523,-1.69995439627627,0.55194397084415,0
1,0,6.8440573915833,19.6646676018313,-0.526832813660561,0.682968875393271,0
1,0,9.4923590564218,19.3370726375557,-0.637015796844457,3.21630710034637,1
1,1,10.9356610841012,22.620050234654,3.17451978428008,1.51934455255076,1
1,1,13.9550599889117,15.7006610872899,0.491205589873476,0.62866816855967,0
0,1,8.76878841031275,33.8836384138636,0.44201615873174,1.26593252554144,1
0,1,13.0388432024222,21.1763235695361,0.2001981832427,1.17140109182086,1
1,0,9.13420961287638,17.8545046146144,-0.529195211918201,3.6357429085212,1
1,0,7.93796458387657,19.4209060182172,-2.67716885487045,1.8091476559639,0
0,1,7.73133100335459,22.1685221113622,1.8127119312971,2.8751026899756,1
1,1,9.55780374924494,22.5367007727696,-0.516250386678411,0.674445680443009,1
0,1,9.95517060219211,12.9005757243803,-0.862041813735341,0.56507403307819,1
1,1,9.35419634395206,11.7354564612538,-0.629968970094094,1.7549268648063,1
1,0,12.1044463194511,19.6403723621472,1.0749624618669,11.055221717339,0
0,0,10.3790823313904,23.3472087122347,0.745689854002288,1.46122509429062,1
1,1,9.78834478226825,20.6649633323741,1.32158580355189,0.672501779556514,1
0,0,8.79489105493457,24.1021022937845,0.279469141307329,2.44913401657751,1
0,0,7.40796813747592,21.6127538325317,-0.115006245548185,11.9076661390757,1
1,1,6.0813467225869,21.6463684794512,-0.250234587572854,11.9694470663089,0
0,1,10.4268234610423,26.7207473120898,-1.55717429972123,2.77167554471702,1
0,0,10.0506717402225,15.7515697070597,0.25959546534259,2.04740292951465,0
0,1,12.7300463757199,16.8350574012874,-0.337374377540247,5.45721471123397,0
0,0,10.5821876164897,21.5540490966439,-0.382965170050938,10.3129795342684,0
0,0,11.5944354022522,21.0159939978015,1.05269226069953,0.679674000521607,1
0,1,10.0819727487513,11.2513268296561,1.21121347353879,8.87360519729555,0
0,0,8.36335190074822,22.1512017331339,2.45369487222183,1.01158085079941,1
0,0,10.5792812863289,14.8404543531727,0.464927336754254,1.47443832141594,1
1,0,10.6795742226022,15.0978241193649,-0.0948498082529971,3.49483124556921,1
0,0,8.36521453847313,26.908454211103,-0.908331474152175,12.1117703553954,1
0,1,9.94250136954384,24.6414312131612,-0.0333366032934899,3.11246803030372,0
0,1,14.001563302224,17.0073536649935,1.72059724640604,1.2535964725779,1
0,1,7.74146787343076,26.6666892997216,-0.236251623660883,1.06101115439375,1
0,0,12.9443571841394,17.8812103017147,1.70869864132557,3.25233441777527,0
0,1,9.5458621670302,24.1145934025571,-0.222756799545589,1.60536059174158,1
1,0,12.964621192484,25.5068719642596,0.21033018312288,0.726381273964892,1
1,0,8.31389365102542,25.3240118330506,2.48092038385889,2.37919300845506,1
0,0,9.8676093450882,25.0186237977434,0.0271648423874321,0.773295612992708,1
0,1,10.6224669967157,18.8506617847629,-1.45270517345354,11.6595411145864,1
0,1,9.77481954339317,17.8130579273637,-0.673642807416947,2.51104752586196,1
0,0,11.3174776778853,25.01570988426,-1.05691633473035,2.3257888295408,1
1,1,9.66627699978102,19.713108324164,0.0898368491080017,1.49366787304506,1
1,0,12.4177469303203,17.2702535149429,-0.572289502826511,2.07200368621327,1
0,1,10.3408388677684,15.9000141668573,0.378039438656651,1.88192356633702,1
0,0,11.3848392724895,25.2063112588661,1.62382151287374,5.13412744997872,1
0,1,7.62890612688244,23.0322433016267,-0.976293562011762,1.14229528605938,0
0,1,8.68322141860591,25.9184573415048,-1.0083744977457,1.83724758968115,1
0,0,12.1790158975831,17.5217503743415,-0.256399512370766,0.989538240681961,1
0,0,11.0175718823213,21.0387489090249,0.882816739912026,1.84911862419406,1
1,0,9.72818674879915,15.6539163000905,0.376027123503681,1.19364973677069,1
1,1,9.78243452608621,20.3448942527759,0.104450888453636,11.7374661936401,1
0,1,11.5098003209093,16.6151902037896,1.57174942774957,2.5517958831042,0
0,1,9.55237735676007,21.5556234574816,-0.268640998188145,0.959499305109523,1
0,1,10.1499103418798,19.8494567386144,1.84852188608278,11.4118842598032,1
0,0,6.7080903957,25.7824065957033,-1.51059647026223,1.53466382400645,1
0,0,13.54801873031,21.2688979284107,0.281061228694041,1.13204108886188,1
1,1,11.5319358319531,18.3840780367236,0.90429346532004,1.55185370519757,0
0,0,11.6645756860215,13.039050678099,1.13865742762799,12.5916915841731,1
0,0,6.18908495505376,18.1887148843195,-1.45233814369233,2.46365800509331,1
0,0,9.95832664761117,17.6556499737616,-0.626353321542115,2.01157745207597,1
1,0,9.18213217510356,24.5916761772656,-1.93207557597691,11.9278460018927,1
0,0,7.24722738684641,21.8294530385788,-0.239061590311605,1.33219287276067,1
1,1,11.4548607487865,17.6487745517657,-0.500271500433461,1.2887352368494,1
1,1,12.4682615624742,20.9116597627798,0.987471730369109,2.18246729724051,1
1,1,8.89355118824507,20.536590967385,0.415421227242454,0.830959116427246,1
0,0,9.54161964414253,21.317311088457,-0.29611631915228,2.64933708282038,1
0,0,13.4229239778445,18.8099511454288,1.36222173924555,11.180483341891,1
0,1,6.70038419340597,24.7399518922581,-0.144296461718731,3.19685176201165,0
0,1,11.4884415708756,25.2381415465011,1.31572787554448,6.12688712495565,1
1,1,9.37195735203817,15.3181789395383,0.666610766445118,2.4028481952846,0
1,1,9.76937831719109,23.9844754652005,0.661363775992788,1.0749368346307,1
0,1,8.77805131445572,17.0120119332398,0.906720372580947,5.15745987743139,0
1,1,12.1933907580381,20.8874706258623,-0.620599459294388,2.36760082909557,1
1,1,7.74566477783248,24.00378092473,-1.41157628682664,0.274582355678328,1
1,0,11.9252189848766,21.9765730342372,0.810244286891991,3.87872726062044,1
1,1,12.8129280324638,19.9662223298615,-1.30099800324336,1.03534757049588,1
0,0,6.7167009822006,20.3845479421315,-0.903611801788592,2.20824453269466,1
0,1,7.74619161490154,29.0028209567328,-0.218743464648836,0.757553423700756,1
0,1,11.1830909610048,25.746538765426,0.564587997180924,1.07909073920546,1
1,1,8.08738176098813,20.041630998154,0.609256391771582,9.23729638644538,1
0,1,8.61694022730721,18.7168324339275,-1.83602086878766,11.3948234375984,1
1,0,9.10929446529728,27.3666994690481,0.244146609668066,2.16514679839279,1
0,0,9.31103154334686,20.3596989009014,-1.7713618338249,9.10997360385954,0
1,1,11.4073963704922,21.6111712724672,2.25061026945178,0.21038139289676,1
0,1,8.79398847041148,25.23757481863,-0.943008853792748,1.2384319232579,1
0,1,10.1787008248294,17.5469831090984,1.6868894561962,11.275185763157,1
0,0,11.4749892744398,18.2580796603223,-0.338811926433357,0.991193873049327,1
1,1,6.91924111085646,18.4715756629168,0.620713591522164,11.2439583721571,0
0,1,8.62073541470238,20.6853127044397,-0.802721086857398,1.82629957198281,1
0,0,11.7195869204189,10.3337501462124,0.116593883188853,7.01454339731817,1
0,1,9.24696051864846,18.327314253655,0.608067392089781,12.418357328025,1
1,0,4.92983305938954,22.828782259602,1.52794183545539,0.995783990812754,1
0,0,8.28438154276558,21.2472301412679,-0.627075993917891,1.54975589142813,1
1,1,11.6320528138523,21.4025606271295,-1.56426674597898,11.0183565274347,0
1,1,9.14682218154845,13.6525383494962,-1.22558199882339,2.26369220007477,1
0,0,9.19072631991664,20.8660866163188,0.125967165114114,0.401652992501475,1
1,1,9.70846155147506,19.5410006284824,0.259330821064604,2.75401068994257,1
0,0,11.4389327361347,20.0813524929163,-0.275286508832528,11.0839932865603,1
0,0,9.01781849556135,23.5711610477511,0.0497672155096357,1.01910208884791,1
1,1,10.951916876837,25.7923365901786,-0.310697724950738,9.8736316322268,1
0,0,11.1463073361053,18.9918765117799,-0.421435447880268,0.944512169408283,1
1,0,7.9622808445687,17.6101148833297,2.24620779511287,8.99213918091512,1
1,0,9.87625553112727,19.0090366410019,0.0866573729924924,8.74897385761142,0
0,1,8.9233897967911,23.0974637606066,1.22351387547554,1.13191736114031,1
0,0,10.8339094522215,19.5256511753197,2.6182328199117,9.64489456638694,0
1,1,6.98344668773951,18.3296749155964,-1.32538097725393,6.33891855552793,0
1,1,13.0783398555349,19.7902945869691,-0.137758822174659,11.8108327526134,0
0,0,12.692036177192,25.4158008113349,-0.00266898450538929,5.08796166814864,0
1,0,8.31428844499695,16.3173942907722,1.20590945018439,10.6724648771322,1
1,1,8.66025154438468,18.7569145040122,-0.328449075698023,9.44830949885628,1
1,0,8.18302510370776,15.7767881272722,0.314285567309573,0.515267138113005,1
1,0,9.72691871640461,28.9549770231988,0.181465253704035,1.18174948192216,1
1,0,8.9979240734175,18.107751439867,0.37478409203679,10.8358853972956,1
0,1,10.2252768936328,23.6242163419235,-0.642525197682587,0.883999010116872,1
0,0,6.24956487381145,20.1516677263766,2.57545331864491,9.03154060989618,0
0,0,10.3170934289166,19.298550867905,-1.14069051222224,0.79261339765465,1
0,1,10.031125342528,18.553563898885,-0.309747123005815,1.27220006226194,1
1,0,6.79879307747973,16.7855138316604,0.416243047192508,11.0087076342676,1
0,0,10.5519461783399,25.3663054043015,0.43153057070049,0.837209622149071,1
1,0,10.1099052797418,22.5037226175131,-1.1691369060341,0.589705193506533,1
1,0,9.53885329060548,20.1245228319767,-0.150172391372914,1.2354165400749,1
0,0,9.97356741879222,15.6203466021223,-1.39912211804635,0.832888423517956,1
0,0,10.7698983920447,18.0543437377654,0.917339213683056,11.8091736666393,0
0,0,10.6934474340025,23.8123747330564,-0.919625545674867,2.97545459207514,1
1,1,9.13677447884275,16.0219466076287,-1.12619356163764,12.5238484688097,1
1,0,12.3003560786574,17.7125187099278,-0.00583503886139956,0.901149398269757,1
0,1,9.92693561422424,23.1326927262811,-1.25613298158102,1.43159653980209,1
0,0,9.72839715652687,21.5254656843563,0.21279147402541,0.825053892419435,1
0,0,11.889236091289,17.5997673041714,-0.555619629469677,13.1712058380246,1
1,1,11.9840827233401,26.6104604803765,-0.62831008904347,9.13531586693865,1
1,0,8.5986604900622,15.2369322594336,-1.59500145340402,7.4248799247621,1
0,0,8.01788265633081,25.6627098076101,-2.47645049452256,0.587697684230481,1
1,1,8.58876389468236,23.2566912687699,1.11029541174685,10.146695880759,1
0,0,7.64844821334357,11.6097158065742,1.76051759457602,8.63582921217848,1
0,0,6.43760609651936,21.2806603299507,1.25649974649894,1.05245047012287,1
1,0,10.6212150436768,23.2041004816962,-0.0815338980196429,1.14424532959533,1
1,1,9.70977927810114,16.8332773838289,0.147271584663551,9.10772295917261,1
1,0,11.2850995073849,19.9573349470641,0.354597559542375,2.13911166343097,1
0,1,9.99668127539739,13.5059282402221,-0.337141103361032,12.8954442010353,1
1,0,10.8183259241547,16.3697317924488,0.492653951656481,8.29312104731798,0
0,1,9.0078837053797,20.5470668896906,0.829866793583872,10.98000874994,1
1,0,8.07978408219767,21.0847518261279,0.947611539603209,0.62572565536551,1
1,0,11.5562644491409,19.7053551391799,1.16542883446602,2.53467392407236,1
1,1,11.5222412326557,16.9022786862878,-0.421166366290429,0.701109357739936,1
0,0,6.53257563223353,22.3752645421048,0.334602756436989,1.11831934377551,0
0,1,11.7545893036535,25.3100182383267,-0.106222654973173,6.87359648882656,1
1,0,6.45325712213261,17.5966566727313,-1.28708648621814,0.601790678010827,1
1,1,9.90862535137769,20.2260274330041,-0.908059860049952,2.24518336108653,1
0,0,9.21025549203172,17.8756948416725,-0.283935748679001,4.00242286426708,1
1,0,9.74388746715796,19.6764048624922,0.266592458399183,1.30519294146969,1
0,0,12.1924754637732,20.6430223466855,1.22431930895728,11.9862596914172,0
1,0,7.48956427876019,19.5914377413455,0.821525526825726,13.7589409936567,1
0,1,9.46903261074021,18.5810001208557,-1.24776679226202,0.156196501126386,1
0,0,15.1066049800805,18.1150906116265,0.601275013858363,2.53175977405425,1
0,0,7.04338738809896,20.1361767094464,-0.908752216129051,2.01326803631169,1
0,0,8.74682486353855,19.1971151705729,0.900344887747296,1.49568170053131,1
1,0,9.91789595531722,17.8222054849229,-0.953871513946094,1.76450178399682,0
0,0,10.3999064396649,21.5094490785821,-1.24089171441291,3.18595417296803,1
1,0,8.93338879894525,21.6149126423218,0.0815500958017237,0.309601140335685,1
0,0,9.46793536463198,20.6809477501721,-0.813076911449766,11.7281148538459,0
0,0,12.1682956282373,15.5956803151171,1.06478465880181,1.47636770925316,1
0,1,9.63850904074991,21.6098787971644,-1.04901921849595,12.6526241832015,1
1,0,10.5031106387565,21.7032647088438,0.516009325167413,1.53513849841538,1
0,0,10.7390844703098,18.8674851245505,0.985746984418363,11.0503913799587,1
0,1,10.8140685187795,22.2145282884622,-0.35165697798206,2.25750958731926,1
0,0,10.9850100384916,25.0574249299083,0.451749228471749,1.35713447481474,1
0,0,10.1092651581046,21.3112098527785,-0.593572178730932,3.90529407169069,1
1,1,8.58265184767618,23.0604254932376,-1.13649526825212,0.208885990083218,0
1,1,9.8834584951129,25.130293835241,-2.33497178127181,0.71064715271412,1
1,0,8.07315635552499,26.6355477353174,-0.926597259630885,1.25592086289995,1
0,1,10.1867865932117,18.0770807474604,0.395171601492927,1.16595578487287,1
0,0,9.30419773308178,18.3686619416517,0.0741714005493914,0.895302140794019,1
0,0,9.7633311237089,18.6843248330837,-1.05649333360304,1.26632495801409,1
1,1,7.80181808565016,24.4043063514025,-0.0775545035183967,2.67866032384336,0
1,1,9.43384717515554,22.3268718431309,-2.41603024212657,3.78148156326003,1
1,0,7.82053065430878,23.8311168110295,0.809519878482719,0.94805956173764,1
1,1,9.18866891180028,21.2056872173494,-0.869749853294244,11.8741069772515,1
0,1,11.0538145191955,18.8461557457077,-0.125077441843527,0.880711756361815,1
0,1,10.480839963551,14.1753936484257,0.411151618784541,12.9130837718145,1
1,0,11.7967249144987,13.1813938373512,-0.850435305046767,3.09475572193181,1
0,1,10.975936253871,28.0448847651821,1.4665510712084,0.877335951679313,1
0,0,10.2239827303951,20.0158453298111,0.306878543209711,4.02997829123697,1
0,1,11.9966266942724,22.2328876262753,0.429680832800053,1.62414657632149,1
0,0,12.3834336175068,22.7779747424032,0.810377064747989,1.81179459515103,1
0,0,7.20122486575257,25.7852849471533,0.921172911124199,13.6198803739377,1
1,1,11.7842954732935,22.5338749734381,0.544807883194691,2.95554506778717,0
1,0,11.5559179406816,20.105481347842,2.36959502355302,0.544327929413737,1
0,1,11.8838290326939,22.9715020646182,-0.603094261358911,1.02150190108341,1
1,1,8.1823945753978,21.3892135685093,1.56083962675,1.20021583210666,1
0,0,14.8178616889524,17.4853802963628,-1.35383614798257,1.25679390592634,1
0,1,4.81149965138383,23.8339677051957,-0.508004601076342,10.833662443371,1
0,1,10.0137260750282,20.657765400575,-0.478311132418979,2.62333148626255,1
1,1,10.2362133378567,19.8611763961479,-0.898170282231573,0.493991432857762,1
1,1,9.70060534717982,16.3170247385022,0.108274523745864,14.5111778173596,0
0,1,11.4957465757263,24.5922205985488,0.649879562609338,1.25939494573761,1
0,1,10.2480696137977,18.4404795598815,-0.820473392742007,1.6642098414965,1
0,1,8.4438905055747,19.6029469468904,0.359761528557581,12.0710707528051,0
1,1,12.8200666109844,19.8881357505311,0.633324928437982,1.0659421352651,1
1,0,9.41217638354028,19.7720444605175,0.0978159188655356,1.45571948358477,1
0,0,11.2213572900107,22.2226360669938,-0.801183755949992,8.30618738247725,1
0,1,8.66697984027348,23.6076953559741,-1.10229315336733,6.40531537946025,1
0,0,7.880234243459,22.1464923529361,-0.851657012572341,0.926973056279514,1
1,0,8.78832260167537,14.1152554469406,0.519418173048002,1.04687932888304,1
1,0,7.88631715829175,10.3625623669257,1.78231561329573,1.89675187246642,1
1,0,11.0662129453499,18.5399304888818,-0.60002701021618,11.7820994406939,0
0,1,6.89581477070515,19.2749260614633,1.47202881872208,11.7158211048227,0
0,1,8.04302106938284,19.4037482293568,-1.03754711208436,1.19066925130899,1
1,0,10.05443671032,14.4291412245624,-0.571449343788699,12.3822350773732,1
0,0,6.56885536600581,17.2825630224869,-0.0767891104349022,1.15245416147203,1
0,1,8.99022394701458,12.7235281255441,-0.429972380474222,9.03489893506003,1
1,1,9.39015463816486,30.5559288739286,0.178345151589542,1.54293117700591,1
0,0,12.6921564708533,22.186433112873,0.834921341167059,1.96447249688208,0
0,0,9.48492661840661,19.9753842442824,1.0466507568352,1.40994120130211,1
0,0,8.95342539868333,12.4394421285668,0.762496037757118,4.55888280831277,0
1,0,8.67356440205474,18.9328665153393,-1.50551867529972,11.730365722734,1
0,1,10.8944420793853,23.2817240407893,-0.590709411561947,0.605434229565803,1
0,0,9.36109803614798,23.1127741601984,-0.353384418087923,2.84501913430577,1
1,0,8.91244230012617,21.8163680940903,0.69327791161614,12.0962943125617,1
1,1,9.44065311502298,25.6402086922067,-1.56587278497252,2.02591562098356,1
0,0,12.1304652007339,12.7557435796141,-0.677897326851043,2.00941936037093,1
0,0,13.1356574982912,15.590193035652,0.665215998411031,0.836531657811759,1
1,1,8.71377584208293,19.9233285147325,0.95524504180699,13.1994657714603,1
1,0,10.0410434970214,20.5972148787202,0.291004470673687,1.60100955235205,1
0,1,9.35163108324903,17.8702725189403,1.68452398458178,2.76371607426159,1
1,1,13.7147920443507,24.7913845048142,-2.41416486207894,0.613550506532192,0
0,0,11.1815279901381,11.8296169244212,0.229897633620541,1.55588040700595,1
1,1,6.43874656520721,15.9427565407469,-0.0680445791345913,12.3757812962004,1
1,1,9.13178260084937,26.4156728855327,-1.00173505397238,0.740399145916351,1
0,1,5.41450057658796,23.5694001366281,-0.560015463091365,1.93597483076155,0
1,0,9.81406952309692,13.9291777534481,0.240568027183605,2.26760690845549,0
0,1,11.4079289066594,23.2941131046086,1.21394151451887,6.92499492891543,1
1,0,8.21102075748647,21.462248992034,0.252358485164026,6.7380068488419,0
0,1,7.43498641585076,14.6763133267604,0.652414104692385,1.23394911291191,1
0,0,12.511568348301,21.4383046178708,-0.928892644960027,0.814751822337702,1
0,1,8.07074004082325,23.5719784399548,-0.444693950906624,2.11896256666391,1
1,1,11.8155677621282,16.0196040164027,-0.0393421854237676,1.25749218221329,1
0,0,10.4281472273383,22.0786876903432,0.143080057160209,1.54505139351481,1
1,0,11.7620462454979,15.0570662068668,0.529199978876831,4.78881198151098,1
0,0,12.0050899965655,22.1189074972883,-0.185558488318001,1.92567152850531,1
0,0,12.2798210091355,16.0678331161763,0.766675058621243,2.1067161430238,1
0,1,12.4720717046155,18.497018062983,0.264323015982099,9.75791553031156,1
1,1,10.5908030202853,15.8330584620004,-1.3558222763288,9.11168806309382,1
0,1,10.3435220472109,22.7906694297207,0.359071548321692,1.17775719871338,1
0,0,8.08922143460912,19.4222047863226,-1.70825283944633,1.24443859651443,1
0,0,7.57918175788653,21.9941735885572,-0.635928277355224,1.39257737933156,1
0,0,8.79723400432684,22.4693468395072,0.290433348159067,0.0839640721678734,0
0,1,9.72836772684023,19.9818354340979,-1.30379423270979,1.36699639491062,1
1,0,8.02545443015898,19.6349745596409,-0.114100599327674,3.59286400051884,1
1,1,11.6638500292365,21.5998374992613,-0.092962085023748,1.39338572434283,1
0,0,8.40988096716904,22.3556066261964,-0.122560626447375,11.0882189018145,1
1,1,10.6809292240317,19.9324878424527,-0.883310771318462,1.13784753585921,1
1,1,11.7408596406938,21.6748167283545,0.600169469401305,1.33436128898126,1
0,0,7.63567798950724,23.2029118580994,0.717134365632955,1.71140743249519,1
1,0,12.0457879514699,22.7195724153115,-0.390874782474331,2.08337191745891,1
0,0,5.78313084751333,25.2386556901582,0.427892517086193,5.7376824114013,1
0,1,10.4595252753987,12.4351420845237,-0.837105234296302,12.9256484974176,0
1,0,13.0234215831075,21.3796293386758,0.0225598675334932,6.17007224887843,1
0,1,11.1108759783014,20.6190506265785,0.760060847485706,10.3197626119763,1
0,0,11.8297576024987,16.9342330722977,0.245713332088109,11.7170838373713,0
1,1,8.89320675144097,16.9883398267119,0.14139134685168,2.64112471416593,0
0,0,10.59675217902,22.0970827026175,1.3405773256748,6.77529188990593,0
0,1,12.2127590793043,18.578298808399,-0.749105637416039,0.869625076937415,1
0,0,7.34170083033517,18.9589340115156,0.776584537569481,1.1495309436913,1
0,1,12.003388257772,22.0288324401271,0.228181606829711,0.532012950897544,1
1,1,7.18139225248518,24.5728208422065,-0.736400489379546,1.20328690297902,0
1,1,9.00243795063746,28.2672700731768,-0.0704274811359867,0.287671439661516,1
1,0,15.2455137049769,23.0794653723415,-0.376126589747127,1.63805300986802,1
1,0,11.0213311320571,28.0079917820271,0.663223068581971,0.314297429772184,1
0,1,9.8183136115616,25.0864836349111,0.410695883940059,0.997999819778349,1
1,0,11.9575313584218,21.3340809834012,-1.83184901351771,5.73042509280293,1
1,0,9.51238268622337,21.0162907043621,1.64842382136271,5.5190086554917,1
0,1,11.2436179184273,27.7236570885117,-2.1329179344463,8.2432577647029,1
1,1,9.31080956030736,15.948280530352,0.687006166808365,0.707841622199449,1
0,1,5.28955090831702,20.2577777615728,-0.748761646665192,10.3620233237743,0
0,1,10.9447752667073,20.7694955654314,1.06911275932534,0.919758169222849,1
1,0,8.97703961042617,10.6399021495811,0.396829329884725,0.897834193245303,1
0,1,8.85279560048777,18.592936395871,1.38535325921297,12.4339794844564,1
1,0,10.0075944074572,21.3863637547296,-0.178080118436893,11.0587425038645,1
1,1,12.6851018590556,8.68423576517422,-2.42988067251115,1.86068491043565,1
0,0,10.5909230231188,21.4714908143381,-0.232011957059107,7.66176976003354,1
0,1,11.6835738872109,18.8580637355263,0.105937161925274,5.91602926701307,0
0,0,11.2581285964409,21.7709330418118,1.21756978398376,6.61143119450436,1
1,0,10.2031967989261,22.8706845201834,-1.17176359943771,1.02927302130314,1
1,1,11.342241749322,25.6955803453044,-0.266475823895061,1.15936389751732,0
0,1,9.72336725087656,13.2584353754507,-0.454685555577368,2.80710532329977,0
1,1,7.50137549369519,20.1669172649283,1.50493216814738,1.32924242188738,1
1,1,10.6952704884307,17.4682246785987,-1.62253834012802,7.24720528721809,0
1,0,5.44437268165679,20.1203969857274,1.05905497807605,12.7110213427804,0
0,0,8.02758163761274,19.4834256957385,1.15698003542924,3.28248715943656,1
1,0,9.88091731289559,15.2964028570693,-0.113958858999298,3.25180516096209,1
1,1,9.67848101905175,12.772722479204,0.855190970106914,7.78031601487819,1
1,0,9.15927695931942,28.4812548980031,0.511139092189725,9.06476469710469,0
0,1,11.9771820326572,14.7023772665553,-0.714418985172829,4.46028557449845,1
0,1,7.86077241778274,21.1000863730647,-0.694971594834713,0.926447216295732,1
0,1,4.77271306596978,15.5645472669352,-2.02251977219747,0.620884576849147,1
1,0,11.5609037953243,26.0309620197526,1.58146032169396,0.776478112864629,1
0,1,10.0902101471081,12.9308048813422,1.29683319578503,13.3839616558667,1
1,1,9.78302168220487,16.4456309046054,1.27035453737285,1.93642652891501,1
0,0,9.21755137985807,15.1237944535361,-0.0160778678538177,0.205337421968579,0
0,1,6.62600099134281,20.201125465108,-0.581762953398202,7.64943374899625,1
0,1,8.09459108969664,18.0367481938534,-1.65357546614648,4.67566553509943,1
1,0,11.0148282242068,29.5402398338652,-0.574408772223323,0.188828084617853,0
0,0,10.0376321980134,19.9824474921169,-0.907622087912097,3.37573619966273,1
1,0,7.16217925282875,25.3267614218451,-1.36553956640524,1.25796519125373,1
1,1,11.1963438627045,23.2832346765066,0.308299926829597,1.1048157133822,1
1,0,11.5727592434865,22.7427161221009,-0.472627502422465,9.34066707640886,0
0,1,9.73073390819552,22.0635237915041,0.446222235667692,5.43925361149013,0
0,1,9.96722696476935,21.0952073887617,-0.775157770851509,0.26843688075512,1
0,0,12.8182808164702,17.1466563630634,2.06068761751814,0.669837861897186,1
0,0,10.7896773976045,18.6278234196376,2.58539637352218,8.71662421138346,1
0,1,12.4397502561449,21.8759181303157,1.4998064030903,1.27977998796233,1
1,0,9.90984557425405,10.0966699358653,-0.100192607788636,11.0400081067346,0
0,1,12.9589756896776,12.578234846108,0.647185814663537,8.79857270523364,1
1,1,9.84863242661522,18.3179683284265,-1.40458976481618,1.48989292890684,1
1,0,11.8354969143991,12.5358497311433,-1.33411764776861,0.301987598262832,1
1,0,9.31044257251517,20.4540188029568,-0.446729345052682,1.69627119376389,1
0,1,7.84599468789216,21.8800747084941,1.69061986061771,6.52106983400881,0
1,0,12.0032094547166,23.5383766405329,-0.223365145696298,1.34863060873214,1
0,0,14.5920080815427,24.4544399717207,0.923438510803911,1.57159628198222,1
0,1,9.34824376909997,22.2674017172865,-0.0495256938434538,3.2435986250639,0
1,1,12.9377122570586,22.1840913704451,-0.346890884284201,1.93983863674781,1
0,0,9.52618213365228,20.9593704209166,0.199251919612581,1.97410371788507,1
0,0,11.8469862357809,20.1365413752923,-0.132327785051881,4.36213178001344,0
1,1,8.02161638659718,16.7676351227993,1.45423172269893,1.8899443860463,1
1,0,10.5512925565734,28.9105292929117,-1.32063917335026,0.711177695495068,1
0,1,8.47267781287793,16.8299034851462,0.109207163477544,0.372897775988664,1
1,0,7.29577603160006,26.7891221294077,-0.0254722179209988,9.05285173840821,0
1,1,11.310048820456,23.7556992291619,-0.135157590930348,5.02019927933405,1
1,0,13.2192935207099,28.1411798331522,-0.640525314131231,1.18072997893303,1
0,1,8.42298606824418,22.9265055461132,0.71748255574154,1.097752342534,1
0,0,8.23224777494801,18.3206106376185,-1.47690981302073,1.68742753575848,1
1,0,7.85497077641284,18.7610259725956,0.75410479816319,10.5433174408972,0
1,0,9.08371803710432,14.5572941021347,-2.18980917487403,3.52744059423503,1
0,1,11.3312940311565,24.1508572415383,1.55309984771205,1.23445531844297,1
1,0,11.4244564248374,20.1848713091349,0.702061998975102,0.440352391451597,0
0,0,10.8859084549983,19.768906578893,0.0515238125352395,7.88600254431367,0
1,1,11.5191746241184,20.3069562827988,-2.42797370995882,0.20907942764461,0
0,0,9.06224466796175,17.465435343575,-0.0860707324535189,11.6739440537058,0
1,0,9.65458004423233,18.3063461514841,-0.738357445758921,1.29734704669459,1
1,0,11.3640997987716,23.1067640281741,1.16772402635259,12.7354059393983,0
0,1,9.43684534351691,25.2436289458624,-1.63264961625291,0.844382118433714,0
1,1,8.07675485213636,20.2332052250705,-1.61312915574097,1.069210613542,1
0,0,7.24469971053489,20.9815934290378,-0.224659351788146,1.47451978278511,1
0,0,15.3951732732767,20.9292988735085,-0.0551681503459401,1.2612286741214,1
0,1,6.60056988887414,20.7551035989019,-0.627365956924184,12.1747674911749,0
0,1,10.0586333055884,19.0327364480579,-0.184349380412772,1.504054131739,1
0,1,13.8686286723025,22.2885452684977,-0.263044660917602,4.35319009372972,1
1,1,11.6750217503559,22.8231671907494,-0.525646241251671,12.8928173482552,1
0,0,9.62930733783067,20.8195984159761,-0.67522749773812,1.64312969806407,1
1,1,11.0666583555288,22.2084135204466,-0.156788604665715,2.05372540759484,1
0,1,13.5699124840295,17.7245147585689,0.96924274168934,0.0452550407499075,0
1,0,10.3792556396603,20.7708710223955,1.86326613150228,1.81961819989036,1
0,1,8.8618249756268,22.4853888864439,1.01885748883875,8.52255619236249,1
0,0,12.9037858891442,19.5711375534698,0.0456918216264974,0.492088162392721,1
1,1,13.7379869051306,19.5036963217677,-1.20179167247776,0.606502288046676,1
0,0,8.03089021252492,18.1399126125815,0.909354155230945,11.5073680361654,1
1,0,11.4375135278087,22.2936310499477,1.46195822050016,4.43502555663921,1
1,0,10.2586945939165,21.0197443268717,-0.184626753951705,0.986835195975226,1
0,1,11.4032826177867,30.6885768048157,-0.190168268382486,0.813470585562023,1
1,1,11.0533956637749,19.4620199293515,1.24329480266288,2.10346780070959,1
1,1,9.9589738020908,20.4462962473036,0.18558749818315,2.47529118964033,1
0,1,10.8765020946139,15.9599892508603,2.27102227928726,0.98982716035608,1
0,1,7.57894286859693,23.5515192052642,-0.0515549198891902,0.990430968254596,1
0,1,7.19116011234219,18.7711297634441,-1.61554882919585,2.59266987414033,1
0,1,11.4414983144186,20.5326599705455,1.05795583994723,8.38764112440028,1
0,0,10.1720710065535,23.7813054787216,0.361894756181958,1.54730865268806,1
1,1,9.73676591718308,26.1027469193962,-0.265876705750517,1.40522276373554,1
0,1,6.64789604212032,19.0101977272234,-1.25578140173536,6.99789219592008,1
1,0,8.86100401846377,18.5735851955828,0.87648416717228,8.50025235302746,0
0,1,10.3844103017931,20.8318736302798,0.592634666890485,1.83445449063105,1
1,1,9.02735415849436,24.8370133897818,0.271525680875784,1.74936855016978,1
0,1,10.1625680259878,20.4662355482968,1.55327347117647,1.91046333172109,1
0,0,10.7697944935686,20.7682647737637,-1.06380687634054,0.036707304418087,0
1,0,9.72499605792364,23.1464644379698,0.206822497346744,2.3840722755089,1
0,0,10.8551862184782,22.9593627588435,-0.248933255655566,1.26826003972985,1
0,0,9.51387110292127,24.3467681257934,0.515388673918764,2.22406002989359,1
0,0,9.36329434429222,12.1887708012205,0.442785820060402,1.83585599560704,1
0,0,9.49178721298398,15.2702926939018,-0.117116618623996,1.14149466388654,1
0,0,11.2777748603261,15.2772860883239,-1.49784147274197,11.4175958316773,0
1,1,11.6421307663322,21.5079244075043,0.0472006059695206,2.09930292504828,1
1,1,14.6709581731639,14.5728358372669,1.4802578676094,13.2492646726623,1
0,0,8.03338488477788,19.0855669132974,-1.96455496249316,5.05496928468347,0
1,0,8.58508511998748,21.6930262596187,-0.538555626716068,2.50932833076851,1
1,1,11.2882982026998,27.7636330386585,0.50278659285196,1.47404919424884,1
1,1,13.2753306598924,19.0359226077306,-1.09331277445394,1.68792806984338,1
0,0,12.4532963493286,19.916117712278,-1.02602611043194,6.5658573769033,0
0,1,9.06458876333838,20.9425882251879,-1.01203614366599,0.299928199499846,0
1,0,8.64353787252402,17.6186207375459,-0.782634176957744,0.548885157331824,0
1,0,13.3928045426609,7.20176626497686,0.359562812057244,13.876227528602,1
1,0,13.0856937001781,26.0451138865084,1.99862021891536,0.226473796851517,1
1,0,10.4290551841219,18.6256519860689,0.55393480042535,0.98759758035409,1
0,0,13.4013765915046,17.1322835388077,-0.808303348930514,1.94961846407306,1
0,1,9.98402634070422,21.1516365891899,-0.557018477813349,4.69607917855601,1
1,0,8.36419927039446,17.5301089750227,-1.08560353078744,1.86078500747681,0
1,0,9.89877965943291,23.6806696276498,-0.71979401765733,4.79282724581026,1
0,1,10.1598421730981,18.1835973390579,-0.692566843267432,4.71953248791397,0
1,0,6.8808578042119,23.4230452980187,1.4135047045491,0.975629109051508,1
1,0,9.65700408650742,19.0658286496447,0.640962189123194,1.66977247057225,1
1,1,9.16278581433533,16.0865140844082,-1.7175207063165,0.67371760428265,1
1,0,10.9825736360663,22.9488638541355,0.82618859480234,0.795011988085419,1
0,1,8.93754313753794,29.7664144987219,1.28077530846579,2.46737195358743,1
0,1,10.9644402354698,16.0300293940403,-0.231344204570623,1.1126135180165,1
0,0,11.0725820800987,18.2370554219787,1.35882748116687,0.979905545711517,0
0,0,9.4413515842822,15.322449870809,0.341239054522143,3.36412213806171,1
0,1,9.91298547059883,26.3679519578015,0.642236181244163,1.67285750332672,1
1,0,14.763030583919,20.5090988668839,-0.321210717862453,0.592633160004227,1
1,1,13.0960622267112,10.6916053777141,1.44019566135034,0.312850618734956,0
0,1,13.109523997058,11.2129003306907,0.0537341212031113,0.542024324664063,1
1,1,10.1162224602278,23.7566610577138,-0.269713563078948,2.4140724887777,1
0,0,8.32044216894567,21.1966486222907,0.466756268777527,5.22396852372022,1
1,0,11.142246897311,12.0402932260225,-0.11071137212952,2.18252317371536,1
1,1,10.1320955651261,15.1834607983723,-0.25606542122908,1.66166665983301,1
0,0,17.16931898586,21.5933829520062,0.726092190740559,0.340464809233972,1
1,0,6.13620889269746,20.1790263440945,-0.200982022267937,0.928106657218483,1
0,1,9.59433499150805,12.5353567473236,-0.422671961211497,12.010796307819,0
0,0,12.9674304085462,23.0100913519643,-0.542169755678539,1.84641400267967,1
1,0,5.80296719967099,18.2972625018304,-1.39017790544112,10.0360079230504,1
0,1,9.48070266788648,24.9766812653404,1.60713541056557,1.46515171229839,0
0,0,10.6681358717744,21.8013971171284,-0.652838190922449,0.456117438152432,0
0,0,9.56072481673356,24.7312299303917,-0.380368509294336,10.9417709136833,1
0,0,8.13645639342179,12.144087555584,0.0867430365496318,4.84211212769151,0
0,1,9.75551956340685,22.9864514748057,-0.649057964312564,8.8005336932838,0
0,0,12.6770568469235,24.2052949884078,-2.01649070787307,2.06892736384233,1
0,0,7.30333761991127,22.0966843402549,0.448577388746643,5.81986510567367,0
0,1,12.82967144902,15.5376628811019,0.523388159192163,9.20420520566404,0
0,1,11.8280978910294,19.8089351133874,-0.246122239665679,6.66297000898369,1
1,1,7.52662416301337,12.3318842316823,-0.544545707183516,7.78720896318555,0
1,0,6.99847929065074,17.7130790486413,-0.803683014742773,2.69064907729626,0
1,0,10.0690773677931,17.0072134654543,1.95447105047381,7.11608970475471,1
0,0,10.5725992908054,21.3807158256384,-0.296887442895346,0.790003749192213,1
1,0,12.3724161876912,28.6558044177605,-0.035404687210021,1.09057899051156,1
0,0,9.9249012563149,21.3465853688176,0.107189714468554,2.5283455979079,0
0,0,10.8407431879471,18.3285440658567,-0.230620531545034,7.92960024761645,1
1,1,12.5784929646855,23.6947640828251,2.39007004059566,1.5463544539922,1
1,1,12.3413783701992,23.0670663693408,-0.0116323437326994,1.5407628889939,1
1,0,11.6521873081694,20.9949925916157,-1.08905940665858,2.99136374039406,1
0,0,10.647834130181,17.3711278602012,0.313769183171077,3.84342816768898,1
1,0,10.7619008229091,22.3324966765359,1.09572140336201,0.257138304412365,0
1,1,12.4052391655866,22.7627314706673,-1.01889460165192,0.953096885163431,1
0,0,12.2044115014643,21.1674587199838,1.67087514103806,1.48034882105632,1
1,1,9.87697012004171,27.6922966698535,0.275183470718412,0.735055270733366,1
1,1,10.7291798279916,29.224518993995,-0.181866399727406,0.492224206218466,1
1,0,13.3851045999715,16.0432189286276,0.867355430722069,3.03663230907664,1
1,1,12.942734024944,21.605709634039,-1.40279690623594,0.0619023777544498,0
0,0,8.04550467731176,15.0704473069803,1.48230141230567,2.44160870781171,1
1,0,12.8964033491639,17.8212426261091,-0.591796068662362,0.417210504412651,0
1,0,9.82828867881627,18.2618681639115,-0.885001753474386,4.58928468078375,0
0,1,6.85246039669309,19.4366192321471,-0.527436558659494,1.05500054731965,0
1,0,12.5849523189334,27.0325650802611,0.0310374052801759,2.8955428383801,1
1,0,10.1689355111354,16.679434317691,-0.946515483343574,12.4345387560559,1
1,1,11.9340919929602,22.057711024489,-2.49897029524684,0.761555905663436,1
0,0,13.878225988434,23.148524306511,0.145711531004003,0.751764538824054,1
0,0,12.1597452763313,20.9680620548701,0.858703393437413,1.33706320042927,1
0,1,9.29281294633369,22.2396672262465,-0.209938282882933,10.0298667736351,0
1,1,9.73015375056287,17.3983259639509,0.398824020925648,12.6590209969547,1
1,0,8.025735133385,18.1664295343802,0.761127736197585,1.86756427958608,0
1,1,8.35658370787921,17.2780547131439,-0.965406631821685,13.5640945831788,1
0,1,10.9790618450295,11.2302506881141,1.70425351971367,1.05073412910772,1
1,1,9.40144508218104,22.5039483794193,-0.81581184165478,0.537700211128096,1
1,0,11.3165097971487,18.3381532684325,0.0505031847282846,2.43618380976874,1
1,0,11.6648190993416,19.2947846649214,1.81833471172887,1.01412293127521,1
0,1,10.7269265224454,22.6610366542357,0.233738106743284,0.526494930436655,1
0,0,9.2027086827661,20.19953406469,-0.0287897691741464,12.7772340215446,1
0,0,7.0041400209886,19.5541988284654,-1.13535799444069,0.254037266381268,1
1,1,10.2292563505449,17.8833945124072,-1.15737781092832,1.31530318408846,1
0,1,7.92436676532674,26.4634490151191,-0.547340906138225,1.68284336109751,1
1,1,11.2919577425231,20.5580423733335,-0.433572715922771,0.661676515350233,1
0,1,11.5456908001172,20.4783347897028,1.66248593383382,0.966517187426376,1
0,0,10.6320283162408,23.9194630213547,-0.563130851439488,0.722734529492842,1
0,1,7.92377435040353,21.5175373917288,-1.14555224504636,2.243076626746,1
1,0,8.48972541982229,16.4791495222919,0.70929132488924,8.62930667954043,1
0,1,9.01699138061484,18.3741881118138,0.160234692884093,10.0242222451371,1
0,1,10.2944514902157,16.8914993612453,0.113352593811487,13.0713942659106,1
0,0,14.7130060865707,13.2659918889407,1.49521350608348,3.60479122772813,0
1,0,8.15866246578819,19.3320697595922,1.02323662606114,0.121386079117656,0
0,0,5.68630443358231,22.3757929164643,1.17446162052015,0.98383981184972,1
1,1,9.7591999008774,17.9273634370033,-0.244503756930785,1.79760399833322,0
1,1,8.32151134087258,21.7647934544306,-0.166932131005799,1.14402153386091,1
1,0,5.65512018257043,23.0224034601978,-0.0841155041461892,2.37273101426613,1
0,1,8.25138404769143,19.5481565592906,-0.826498278320729,1.54190054290253,1
0,0,9.252841302195,18.1014984491551,-1.18949684486068,0.79695127344206,1
0,0,7.79560457580715,17.1915122785603,0.393351860980975,1.13705123310845,1
1,1,11.4313197213269,18.8825158566482,-0.180783643152807,1.08798124635719,1
1,1,11.8152806113684,26.2568389968902,0.00218840129337854,6.6085358908635,1
1,0,9.35038973242973,20.3643744382743,1.18276728772386,5.96608283191928,1
1,1,7.03682813543651,18.1512480759018,-0.688825038725034,10.5990173723549,0
1,0,11.1883422777271,18.1982449926884,1.96360867768691,2.13992447582858,1
1,0,8.29025062576091,20.2923864616432,-0.441910422925586,2.14525753844192,1
1,0,8.3401649267349,20.5254120361144,0.781007950063791,0.884696258195036,1
1,1,10.2982136299283,25.3825455955696,-1.13436748209853,1.06735277062533,1
0,0,8.0477079172319,18.3065541117106,0.273041389468936,1.21422433737668,1
0,0,9.41063118468722,23.9077691350721,-0.763706558389942,0.744311608282398,1
1,1,8.45805016836931,17.4760783798184,-0.737607983989264,1.2267499409767,1
1,1,10.7845674141575,20.879004724004,-1.25657614092638,0.586167270331841,1
0,0,8.30738819023101,18.6173100596351,-0.0170698956009469,3.34835462830961,0
0,0,8.31248013813909,24.0236201768212,0.760560550871686,0.74611996114254,0
0,1,8.07622311142346,25.5892631986691,-0.171825915244101,2.41390845502293,1
0,0,10.0220993067131,26.141444323013,-0.265263394261249,6.93758111447096,0
0,1,12.4298979308437,22.7381129902095,-0.423995996873209,1.29086669153549,1
0,1,8.22224296852343,17.978589734593,0.689272118280285,12.8909102524594,1
0,0,10.4362025228932,19.5030676314888,1.05045042906015,0.528719388195036,1
1,1,8.68776600078592,21.2053389807153,-2.19402499653358,11.6931528937457,1
0,0,7.82296830543867,11.650531412635,-0.502965563297584,0.808540349771679,1
1,0,12.1822617962154,25.6815882507724,0.880319117538282,0.530642502328415,1
1,1,8.8615453566844,15.7240826107232,1.54835282944109,12.3574660444797,1
1,0,13.2416202611812,18.1625924119914,0.578006183928215,1.2577390328721,1
1,0,8.62602310883252,25.3266644381967,-0.13083383528347,1.38210423624397,1
0,1,11.3139934071373,21.639105110791,0.607857026905798,0.560344818863985,1
0,0,12.2213844304694,21.8893460168841,0.217520387392552,1.69552294035687,1
1,1,14.2814414601327,17.001205482692,0.526191223166367,5.6651933837436,1
1,1,8.33805638173521,13.5932337439027,0.461979537951275,2.77458248846233,0
1,0,10.1528117123963,16.8342106976788,1.50399120650089,2.90469322091655,1
0,0,11.8716488923981,22.0080421905613,0.353009602570219,0.0797400176525116,0
0,0,8.99666659427038,22.8687810820837,-0.398902404734734,1.15331752264836,1
1,1,11.1897069277024,20.1734207624676,1.02355959954025,8.67595643972588,1
0,1,9.13869766172726,18.4234226142233,-0.800870910576536,1.69055714449815,1
0,1,7.73332189465442,21.5200193016319,-0.297780153902299,0.639663390414826,1
0,1,5.52565688046074,17.5102881897139,-2.40109468243829,6.6416645385325,0
0,1,11.0292791448863,22.0455488240296,0.193998228900719,1.23526484101487,1
1,1,9.31618576967415,15.5945077734722,0.63054874598584,0.964867042377591,0
0,0,13.4357548576386,27.4456623982699,-1.72234774234449,1.94366938176063,1
1,1,7.76724418268408,9.18004351046263,2.53904641213465,3.48521771281958,0
1,0,9.02304076167431,25.6717512654701,-0.93202765273661,11.7307225489058,0
1,1,11.6146645868155,17.378762007536,-1.2920278081392,1.15260394854321,1
1,0,9.47798251665843,25.0091321896887,-0.329125469198937,2.62697102493172,1
1,0,10.9761198356532,14.1588502713067,0.299302194344734,1.39113212105618,1
1,0,12.705567641939,18.6770604928266,-0.440187586812284,0.822640179351852,1
0,1,14.3536311826185,20.843271162108,0.496934162455209,1.44542277721401,1
0,0,10.1027742224137,15.962002943111,-0.89057085460159,1.11451311964507,1
1,0,8.32380910952917,17.8608934153158,0.731639832631132,0.437010173518652,1
0,0,7.83076998138316,21.9802330995438,0.126996462004796,12.1694702452632,1
0,1,8.90693446185332,22.1939761991286,1.88904233606744,1.6338280030771,1
1,1,9.14698059059059,15.0890295431242,0.379767693804555,0.993942669722763,1
0,0,7.57800488920043,15.9735494225581,-0.0448161139871802,11.1692130389152,1
0,0,11.1955859955581,20.8286688064394,0.136043976842453,2.9551109218366,1
1,1,12.8477915781679,25.6696047213566,0.550276535752571,0.597979270685825,1
0,1,9.11340274888331,22.988357586221,-0.808080397534084,2.121350904156,1
1,1,7.91933306865142,13.9222677106059,-1.00699603251889,1.09420663031351,1
0,1,7.4522058431855,17.1197170427027,0.858202267276623,10.5127187074982,1
1,0,11.5403032240236,12.6471518624155,0.0844163440587337,3.66901749931276,0
0,0,10.0630452439531,23.137583457412,-1.48179176140082,1.24925030056329,1
0,1,6.19029049712347,16.5157914018916,-0.9651266161995,4.51312329802419,1
0,0,9.75248964570886,19.9565347479339,0.103600145420958,12.6345738666132,0
1,1,10.0006567544269,22.436566232863,1.1773236654154,0.904569882340005,1
0,0,8.31244331054229,19.4677934077649,0.192566454895148,0.970563917744568,1
1,1,7.55733325914215,16.6018757484797,-0.00723908878469659,1.10105323950368,1
1,0,9.09402801276899,20.4605549006969,-0.462310513259255,0.668520281124141,1
0,0,8.59536013743774,14.674651383952,-0.724387535647471,6.32923781059832,1
1,1,8.65123922902975,29.4978330869268,-0.639016919876248,0.594419792740999,1
1,1,5.39395361902819,10.0166543307533,0.444142523918265,1.40038097463548,0
0,1,9.70133419043425,28.8147046162475,-0.584054238178266,11.8980196840235,1
1,0,11.8973791799403,22.2855877082767,0.186265347755488,0.478007171791891,1
0,0,12.3127249210471,17.6650190511243,-0.300342713730724,12.0687189978668,1
0,1,14.1487049717952,21.0994414304897,0.159700413754183,1.29745813203217,1
1,1,10.5305799406429,19.8068432161559,1.01999508545972,5.18805478402003,1
0,0,7.89599234171907,29.009874567109,0.798351878707584,2.77961774915457,0
1,0,11.0046844724373,28.8319288887362,-0.044090271581282,0.379570908844471,0
0,1,12.1996900462437,23.0673800585839,-0.992193431605077,2.04156905127655,1
1,1,13.7730096608283,18.8632330248285,0.575852522768862,1.73249280431582,1
1,1,11.6225070013788,20.6065811701654,0.135781237800526,3.24521389654903,1
1,1,12.8364876175879,16.8755756534278,-1.01208196057172,2.55003638737262,1
1,1,10.8783398034059,16.1704065470107,1.00402316383581,4.35989199019969,0
0,0,7.4449967827978,18.7826355281956,0.876095886998526,0.0409510172903538,0
0,0,8.27725358957711,26.1235146136144,-0.692968115760895,2.52752114347477,1
1,1,13.7739717499422,18.0867762534212,2.68180948338679,0.5408081650035,1
0,1,11.4081746263658,21.1038571541037,-3.13899312896842,0.618759596720338,0
1,1,8.66455894933594,25.1711194237406,0.645956605503056,0.514706502632672,1
0,1,8.5885713158857,21.6960428263231,-0.480610133856287,0.336824804831427,1
0,0,8.15856284017125,22.1110610150823,0.192807393685871,3.09857401996851,0
0,1,10.2969465839921,17.3846800714257,-1.04925616100414,8.62548855878413,0
1,0,9.49996527773445,20.4867022106959,-0.24585186926655,10.6441111620516,0
0,1,8.1164620917774,16.0525477810822,-0.613729291010653,7.12425320910426,1
0,0,12.4283980372778,16.9776221510056,0.497692038896738,9.68459353259213,1
0,1,10.0371328660005,15.3560401662398,0.456841757760867,1.3213369594674,1
0,1,11.5156633989151,18.2287939055217,0.730374039844885,2.17422017599948,1
0,0,9.23987460000799,21.3397911361583,0.399518813185011,2.89011842243592,1
0,1,10.3498974266944,19.5973657274191,-0.0861377871174699,13.4900589999561,1
0,0,12.0670466180495,16.097852628158,-0.0963810493728022,7.76616695611179,1
0,0,11.3514479908649,16.1071334975157,1.86373382233984,3.84951961705266,1
1,1,11.8825624858251,14.6368538941379,0.851283491078538,5.8095392316907,1
1,1,6.3467398549721,21.6564096082176,-0.0592854618366041,9.40563554875553,0
0,1,10.3544087625931,21.0966497193003,1.50066953016993,1.58816642521826,1
1,1,9.61638427610546,14.344148197923,0.451022941536234,11.0081436088752,1
1,0,8.69960257998034,13.2722777072437,-0.0995630325040558,0.803260736167431,0
0,1,8.87860731748,19.7196555442035,-1.02102751463047,2.17142082440005,1
1,1,13.3515315865999,18.1587638828468,0.346607005280016,1.43628084473312,0
1,1,10.8610692008785,15.1714171860903,0.517299926175581,13.5514291329076,1
0,0,9.71078675928551,24.1617648725144,-0.639980910158429,1.63004771727329,1
1,1,11.8780514242882,19.7351799512565,-0.998203710977064,2.3270255376353,1
1,0,8.90900650095342,19.9205688858527,-1.32931604978871,1.41535402343351,1
0,1,10.2777007264313,22.4622248935125,-0.873582293537821,10.4319073994363,1
0,1,12.8937246267051,21.6815318796784,1.07104687470886,7.19973554677807,1
0,1,9.33474382769893,18.6881804902913,0.468129482172467,5.19600239396095,0
1,1,8.40168745547357,15.4621747915992,-0.927321793089823,10.8801204431802,0
0,1,8.90341450973519,24.7290732204669,-1.5818156716694,11.5364576948341,0
1,1,7.89840759096116,13.1568567867512,-2.78399210945974,14.0067574262958,1
1,0,10.5053249820667,25.5177961776184,-0.936595221275909,4.95686543360353,0
0,0,10.6557237079906,17.8359786833699,0.477875031833748,1.40560717963462,1
0,1,11.711344800981,28.3018671669333,-1.19529144352291,0.686892388283107,1
1,0,13.603524543255,19.180957987949,0.305301660949113,0.998746652195538,1
0,1,12.8104816234975,17.7943320579187,1.73266163127779,1.44183369465148,1
1,0,7.49841641172867,20.1647874670928,-2.16316306849597,3.67424838689393,1
1,1,13.9982177089455,25.2681905241032,-0.119819499989917,1.08838055814488,1
0,1,10.2785569751843,12.7613991863585,-0.975527419817999,3.5516847904985,1
1,1,9.22666179312055,18.7680448215173,0.957784463175755,2.35117493981356,1
1,1,13.711271380887,21.1782447783415,0.00494753450098241,1.40821069478989,0
1,1,10.8577107689526,20.5910832684666,0.354204596046414,1.20172512272487,1
0,1,13.4615802791795,20.4638061279004,0.176206004043117,0.559993236419415,1
0,0,9.91295265172136,18.7066726057469,0.230682050535359,0.818886237712467,1
0,1,8.53782838372498,15.4385331044096,0.329397305970626,9.02899947180339,1
1,1,6.06807184755874,31.4452779634527,-0.97239308578563,1.15333631686699,1
0,0,12.253730630377,14.1944522206641,1.28169363205409,2.80328439921141,0
0,1,8.22383122313177,23.9349760808799,1.52914308593026,2.49193074926734,0
0,1,11.742718520784,15.5686346916587,-0.150879530345409,2.37793231348279,1
0,1,10.2397871332327,12.0044293726079,-0.181568669642687,1.71578558037322,1
1,0,10.9448698896068,20.6028899878313,-1.84093919530514,1.12144933129959,1
1,1,12.5332798196401,28.4358723687737,0.16519261489522,1.2268483602689,1
0,1,9.0293672421062,22.5167626913456,-2.25342167258279,0.568146172783692,1
1,1,9.07693282763131,13.4494178313604,-0.203377537798555,9.48225926832898,1
0,1,9.53648332544247,17.3660971439307,-1.48901267982703,1.65290866287144,1
1,0,12.1207075448764,16.9987669363549,-0.80592313159309,1.77915642672509,1
0,0,9.05042859099746,15.4194724179016,-0.163240061919337,3.82036300934851,0
0,0,9.64897943808457,24.110453107686,0.52583578459122,9.83996082851509,1
1,0,11.5926489981783,29.9121616873257,1.40240703340828,1.30480911559618,1
1,0,11.5574906317061,14.1867345427216,-0.426245303013057,0.126786712265086,1
1,0,11.5936051324922,23.2890577814473,-0.212596795069938,1.45749473438179,1
1,1,10.0981031456727,15.7342080254019,-0.230817019099012,1.69742299775708,1
1,0,11.5252258696696,24.3772269300595,-0.492154208159477,1.34206896504733,1
1,0,10.5719861392728,20.8823847293174,-0.307399420096093,0.977587431587403,1
1,1,8.73436992369435,18.8670416378501,0.713397005310362,0.967420426144758,1
0,1,13.6087689616022,22.8402030137342,1.75659582364803,2.84483007467538,1
0,1,6.2739780539715,28.8419074658484,1.56873629399177,2.85815194317728,1
0,0,11.6910567624261,25.6482663024857,-0.114376060875312,1.36854567050623,1
1,0,10.6833353657892,19.2136076793911,0.585612246214135,10.0437467488727,1
1,1,10.0455552122869,23.0215382792782,-0.583870739389275,0.926286323504042,1
0,1,8.77720002310671,15.6235965192102,-1.50778289137984,0.742207181116589,1
0,1,9.47894645505049,21.7207200965846,0.518631721220592,12.1780530012841,1
1,0,13.6113406292861,23.842198846333,0.367644068718127,0.18866187898863,1
0,0,9.8060014659927,21.8362380916173,1.59744004592723,3.61550887303443,1
0,0,9.23102660042989,17.6141784219287,-0.173505779423678,6.25874348513477,1
1,0,8.24327571498997,19.819655171045,-1.71396796503711,12.3470333110259,1
0,1,9.00884295612616,17.6739256208897,0.284856517472213,1.01782755335478,1
0,0,9.8314150928511,21.7714529485048,-1.51545966092347,1.27908101751998,1
1,0,7.28455586589001,18.7590772418248,-1.11722842504756,0.955973890649368,1
1,0,12.2853956335341,19.10868092767,-0.462236253258946,1.48685142533464,1
0,1,10.1956540748944,17.4696528292317,-0.450398744367244,0.986528182088001,1
0,1,12.9300420571935,24.2687607966079,-1.37722783470441,9.67435323446989,0
0,1,11.9808717054486,21.3495836858588,1.04859151359238,2.7004129699402,1
0,1,12.8287735014445,16.1854173453819,0.30555621676614,2.40305417776108,0
1,0,7.32820446137332,21.0046942965476,-0.918748616451352,1.3125907834609,1
1,1,11.1591672767865,17.8074051858087,-0.845222587052554,1.17469039186835,0
0,0,9.2763575714027,20.4129440704123,-1.22732567518176,0.757406684956527,1
0,1,9.90629510069643,27.4640660205587,0.351529308690375,10.0444591864925,1
1,0,8.80104505717646,15.8360247788595,0.880826582309925,0.197017649920961,1
0,1,10.4302089864457,20.8799351485097,-0.453966879586077,1.38857916183411,1
0,1,10.1872629709581,14.304820374125,1.01804620900246,1.7729434851541,1
0,0,5.76033116973731,22.4640696401214,-0.319211879877217,7.7475775275531,1
1,1,11.7048861776494,14.2337472803437,0.258135510658443,2.43686476699478,1
1,0,10.3087491446265,13.1929407085844,1.1163642663612,0.869050355331179,1
1,1,8.05627671958917,22.2288518312031,-0.77210829956962,0.631707379594445,0
1,0,7.79714432815373,16.9979555314885,0.11259430625395,11.100499596762,1
1,1,8.6195102234058,12.1162682171114,0.531562239371635,5.27715356904298,1
1,1,6.83273015557751,14.7021461962427,-0.422902650617128,3.62345860459835,1
0,1,10.2755321330277,24.3021315739976,0.148623992007772,0.974022190671114,1
0,1,13.0046879099257,20.7033403767401,0.399286308762999,0.489878755062819,0
1,1,10.3857631742965,20.8316991971428,1.18545205531744,1.09382160066616,1
1,1,11.0543094690477,23.5728110635288,0.919095331882198,1.13739301990431,1
1,1,7.03358741759524,20.794439666633,-0.394769701294296,12.2198006398879,1
0,0,6.92159855338119,7.2748697411643,0.609240909110271,12.1307457246722,1
1,0,8.20713422617136,20.0787327788169,1.552754323222,2.75127518457123,1
1,1,11.4421399594964,14.4233143811729,-0.628994863204225,11.2784501574934,0
0,0,8.23099611062691,16.267056459304,1.41924953870264,12.5933493990451,0
0,1,11.1171970514171,13.4838364741253,-1.37066534309718,2.05904210731387,0
0,1,9.56252499030742,21.4763905564378,-0.897031020178635,1.40516876673595,1
0,0,10.7672469647732,29.1426255401192,0.137112823194629,0.891678655520082,0
0,1,7.92175977950632,21.9461794783271,-1.70437576028005,2.26952654740333,1
1,0,8.10201550285835,27.7286088828104,0.320308058794637,1.04386404516111,1
1,1,9.7916780920331,19.0714839090718,-2.13104361809747,0.768142071660466,1
1,1,9.58257779455218,17.8502197734645,-0.742451433401934,1.47521027781011,1
1,0,6.42253960949565,23.1444076135022,-0.951941765720054,2.42187116660247,1
0,0,11.074168842173,14.9905083591008,0.9339879197246,2.9721415731374,1
0,0,6.10060785981432,14.7033401806616,-1.09948288223523,1.15587618667135,1
0,1,9.16953107689357,8.12706730671746,1.29711010122401,0.962668579377835,1
0,1,10.110259341186,11.0971272914372,-0.811869011460114,1.6392450621617,1
1,1,8.59600056182246,18.2333833102857,-0.338192213747675,0.594411639168943,1
0,0,7.19232193485205,20.498576513958,-0.829080141784422,12.0308401395186,1
1,0,9.20235213821496,18.6000110692831,1.0766521816494,11.8396768500097,0
0,0,9.77915640087039,12.3860027899166,-1.3278948055111,11.148857467575,0
0,0,8.1518430974532,15.38382263214,0.739907498461063,1.82860663263469,1
1,1,7.28551399916849,16.8432661025029,0.976673150622898,4.8239005768222,1
0,0,7.61079103449743,23.5976091127758,-0.37681524864787,1.94413565421704,1
0,1,8.94302444142443,21.2641599963067,-1.30089125498605,0.360015997252209,1
1,0,9.0947462265581,16.6920508993481,0.725204344924953,2.90941231884062,0
1,1,12.8389703863227,13.5417178259715,-0.970320176942339,1.13435806161171,1
0,0,7.42863771096857,19.3342715196482,-0.887412359318331,1.49907646232233,1
0,1,10.762297878724,12.8944323124281,-0.686216777211003,1.59097394560191,1
0,1,9.16506279780445,17.3324639391222,-0.934156876357404,2.13042443990707,0
0,1,10.1857228415755,18.768139721656,1.65832732814445,1.19938025938325,1
1,1,8.67283092844756,24.8901016611387,0.614131653946908,1.49211011284219,1
0,1,11.6056547790151,23.583449050558,0.338641287474492,0.612596577765521,1
1,0,6.59383470921089,20.8156202521516,-0.576008960512498,4.16150644910979,1
1,0,10.3078141451297,19.1360063510816,1.05067558510226,0.526734905246749,1
1,1,10.0521509998427,18.0479747122585,-1.01644723113006,2.23619801249568,1
1,0,12.1117267581702,22.4082092548408,-0.210170203015396,0.771071207797061,1
1,0,9.55106577129899,14.4235991459056,1.10298560260448,1.31323319301009,0
0,1,10.9931927787461,18.5833453155542,-0.933756564769499,0.699638379843496,1
1,0,10.7992679092737,24.9241983117699,0.0373396617812627,2.69330165348947,0
0,0,8.70617449862902,16.7463766879399,-0.76907614575847,0.972954193121378,1
1,1,9.83247447042493,13.89331127338,-0.387566229908299,12.4099849383722,1
0,1,9.73275759998096,20.0036526160762,-0.0538397421329862,0.65559159517686,1
1,0,12.2392077109484,21.1806316180181,-0.188542475976531,2.33931527551905,1
0,0,10.4784419451652,26.8261502634851,0.965698413257635,0.661993294714574,1
0,1,10.5812044317157,16.3700158392612,0.625906596890689,1.20607701550357,1
1,0,14.6872028368373,17.8935447588076,0.817892823041214,5.71886986121535,0
0,0,10.8325962247728,24.9600342220092,0.846438126417034,2.42999269773799,1
0,1,10.7249621557386,18.9283927232452,1.33169732315778,2.07412442564964,0
0,0,11.0633652509522,21.2169453975479,0.226968255002825,1.11145027479297,1
1,1,13.0960844766796,21.881213822724,0.65350981979275,1.85914582825366,1
1,0,11.9229766012115,25.144768697394,-0.340644344731065,3.43273631323885,1
0,1,10.6768723572129,23.6679090401197,-0.115979062343394,1.74780553458649,1
0,1,8.77809399146178,19.8361093414804,0.535850478938863,0.620253738681536,1
0,1,10.7141041008204,14.8433487731391,-0.337686762629956,0.454814180142869,1
0,1,10.2830173597544,19.6828105202155,-0.374418781703754,2.20608635642554,1
1,1,6.3274173124427,22.9595792092766,0.272783555184757,1.79508568876671,1
0,1,6.91793790721232,25.1070409211347,1.53591780168055,5.27474435769902,1
0,1,6.41123427116427,22.6605312684238,-1.39188968640531,0.9489771387936,1
0,0,12.8290298169175,13.9092385816203,-0.471635008527422,0.884707257421119,1
0,0,11.236675783522,20.5048924467415,0.381585018084879,2.6563701441158,1
1,0,5.29908922560144,15.4744715279966,0.319341086263141,11.6259638967458,0
0,0,10.9340631721882,18.0902990583349,-1.41476618244951,1.79051896832172,1
0,0,10.127663876287,15.6061088221209,-0.739714251249943,1.60852461808753,1
1,1,9.48747911635945,26.8297694656865,-1.12173115267717,2.03854305649242,1
0,1,8.51095592349326,19.2635881616004,-0.0455645969922295,11.4143782146275,0
0,1,7.46194944691155,27.4457048828008,1.31356314065774,2.67751534701064,1
1,1,11.7252560158616,13.0318117349423,-0.00158204230492996,6.73049822822213,0
1,1,8.84613065620597,16.8661703148198,-0.212091233815896,0.530214184734818,1
0,1,9.73546530341994,23.1810821692433,2.25347500925588,0.797206347808242,0
1,0,11.173656201176,17.8709199600359,-0.60624713210924,1.56963251553456,1
1,1,11.0700005539952,27.9432173709556,0.113822755103304,2.27584235289168,1
0,1,9.21318012606549,17.3927983379824,-0.334740454208365,1.73265649833646,1
0,0,8.91878116558128,11.3721517261135,-0.907281697378612,2.43813734055423,1
1,0,10.5189018304692,19.6318900123011,0.605857718423736,2.24331278406019,1
0,0,7.64344247798228,18.4103995320054,-0.522815844166493,8.5055233753991,1
0,0,10.6122769570973,19.4466907897165,0.850439392709796,5.12603438459337,0
0,1,10.3469624582407,16.6969400030486,-0.408036071471018,10.9976353744487,1
